{
  "cameras": {
    "computer": {
      "camera_name": "computer",
      "rotation_vector": [
        0.00469559338607285,
        2.178074889205579,
        2.25658355202964
      ],
      "rotation_matrix": [
        [
          -0.9999813618455986,
          -0.0017487872503420244,
          0.005849590120255656
        ],
        [
          0.005907824275782861,
          -0.03539059963970892,
          0.999356094227412
        ],
        [
          -0.0015406406941341376,
          0.9993720264247417,
          0.03540027155201897
        ]
      ],
      "translation_vector": [
        173.56624606149296,
        480.05715531764577,
        -14769.086675101036
      ],
      "projection_matrix": [
        [
          -61799.64574935371,
          1043.0906977846114,
          402.2760805564568,
          -6286100.372281564
        ],
        [
          361.2075094676431,
          336.4011128587763,
          61848.619093959176,
          -7626228.85845243
        ],
        [
          -0.0015406406941341376,
          0.9993720264247417,
          0.03540027155201897,
          -14769.086675101036
        ]
      ],
      "reprojection_error": 2.425390340479844,
      "image_size": [
        1920,
        1080
      ],
      "intrinsics": {
        "camera_matrix": [
          [
            61799.022924487486,
            0.0,
            1151.8873960049139
          ],
          [
            0.0,
            61799.022924487486,
            2525.0912819046575
          ],
          [
            0.0,
            0.0,
            1.0
          ]
        ],
        "dist_coeffs": [
          [
            107.58074469433956,
            -37752.46457716759,
            0.0,
            0.0,
            -5295.868243391652
          ]
        ],
        "fx": 61799.022924487486,
        "fy": 61799.022924487486,
        "cx": 1151.8873960049139,
        "cy": 2525.0912819046575
      }
    },
    "fotric": {
      "camera_name": "fotric",
      "rotation_vector": [
        -0.036374947496055174,
        -2.2381112810129062,
        -2.2402341279662368
      ],
      "rotation_matrix": [
        [
          -0.999416533960623,
          -0.0016522209894834841,
          0.034115418976423784
        ],
        [
          0.03411697003220799,
          -0.0009198568496274762,
          0.999417423411858
        ],
        [
          -0.0016198771423932105,
          0.9999982120129904,
          0.0009756889183787365
        ]
      ],
      "translation_vector": [
        176.04583558221103,
        -27.068873850112194,
        -24017.74828912047
      ],
      "projection_matrix": [
        [
          -92698.46366592954,
          233.06590162825515,
          3164.648744456478,
          7050219.426589428
        ],
        [
          3163.952693877002,
          200.50042802597963,
          92698.19925503437,
          -9375430.844911195
        ],
        [
          -0.0016198771423932105,
          0.9999982120129904,
          0.0009756889183787365,
          -24017.74828912047
        ]
      ],
      "reprojection_error": 1.0234588825968214,
      "image_size": [
        640,
        480
      ],
      "intrinsics": {
        "camera_matrix": [
          [
            92751.95550193377,
            0.0,
            386.3133200473861
          ],
          [
            0.0,
            92751.95550193377,
            285.819460652259
          ],
          [
            0.0,
            0.0,
            1.0
          ]
        ],
        "dist_coeffs": [
          [
            -2243.1604733365907,
            -12795.567861970247,
            0.0,
            0.0,
            36033.78498091616
          ]
        ],
        "fx": 92751.95550193377,
        "fy": 92751.95550193377,
        "cx": 386.3133200473861,
        "cy": 285.819460652259
      }
    },
    "ids": {
      "camera_name": "ids",
      "rotation_vector": [
        0.0,
        0.0,
        0.0
      ],
      "rotation_matrix": [
        [
          1.0,
          0.0,
          0.0
        ],
        [
          0.0,
          1.0,
          0.0
        ],
        [
          0.0,
          0.0,
          1.0
        ]
      ],
      "translation_vector": [
        1059.0,
        486.3333333333333,
        0.0
      ],
      "projection_matrix": [
        [
          0.0,
          0.0,
          0.0,
          0.0
        ],
        [
          0.0,
          0.0,
          0.0,
          0.0
        ],
        [
          0.0,
          0.0,
          0.0,
          0.0
        ]
      ],
      "reprojection_error": 0.0,
      "image_size": [
        0,
        0
      ],
      "note": "IDS is fixed-position camera. translation_vector stores [mean_u, mean_v, 0]",
      "fixed_uv": [
        1059.0,
        486.3333333333333
      ]
    }
  },
  "note": "Rotation matrix R (3x3), Translation vector t (3,). Projection: P = K[R|t]. For IDS, use fixed_uv directly."
}