{
  "intrinsics": {
    "computer": {
      "camera_matrix": [
        [
          61799.022924487486,
          0.0,
          1151.8873960049139
        ],
        [
          0.0,
          61799.022924487486,
          2525.0912819046575
        ],
        [
          0.0,
          0.0,
          1.0
        ]
      ],
      "dist_coeffs": [
        [
          107.58074469433956,
          -37752.46457716759,
          0.0,
          0.0,
          -5295.868243391652
        ]
      ],
      "fx": 61799.022924487486,
      "fy": 61799.022924487486,
      "cx": 1151.8873960049139,
      "cy": 2525.0912819046575
    },
    "fotric": {
      "camera_matrix": [
        [
          92751.95550193377,
          0.0,
          386.3133200473861
        ],
        [
          0.0,
          92751.95550193377,
          285.819460652259
        ],
        [
          0.0,
          0.0,
          1.0
        ]
      ],
      "dist_coeffs": [
        [
          -2243.1604733365907,
          -12795.567861970247,
          0.0,
          0.0,
          36033.78498091616
        ]
      ],
      "fx": 92751.95550193377,
      "fy": 92751.95550193377,
      "cx": 386.3133200473861,
      "cy": 285.819460652259
    }
  },
  "note": "Camera intrinsics: camera_matrix (K) and distortion coefficients"
}