{
  "cameras": {
    "computer": {
      "camera_name": "computer",
      "rotation_vector": [
        0.32735288700723947,
        -0.03660129668058718,
        0.19907071599916434
      ],
      "rotation_matrix": [
        [
          0.979767213011178,
          -0.2001094903349045,
          -0.0035213898128463664
        ],
        [
          0.1882751226959287,
          0.927506993575584,
          -0.3229291796078742
        ],
        [
          0.06788730722412135,
          0.3157324322053191,
          0.9464165809893502
        ]
      ],
      "translation_vector": [
        156.46931913953074,
        20503.933546171098,
        44.180971411804144
      ],
      "projection_matrix": [
        [
          0.008494720453916816,
          -9.880757429048614e-05,
          -0.0003380140627163182,
          0.7117146010471385
        ],
        [
          -3.478819124908258e-05,
          -1.4965503335331673e-05,
          -0.008828783972554585,
          0.7023592227639109
        ],
        [
          -1.9779941721338803e-08,
          -9.19931775750087e-08,
          -2.7575206001728934e-07,
          0.0019014999475932223
        ]
      ],
      "reprojection_error": 2.551117886212893,
      "image_size": [
        1920,
        1080
      ]
    },
    "fotric": {
      "camera_name": "fotric",
      "rotation_vector": [
        -1.469446734291608,
        -1.540779117586857,
        -1.0224493688042597
      ],
      "rotation_matrix": [
        [
          -0.04883212813284821,
          0.9988045417052606,
          0.002216016913584834
        ],
        [
          0.39012406000134875,
          0.017030872012179857,
          0.9206047833932695
        ],
        [
          0.9194664980683532,
          0.045819612257732484,
          -0.3904893366821557
        ]
      ],
      "translation_vector": [
        139.11468441140704,
        40604.847514656525,
        48.54829078039239
      ],
      "projection_matrix": [
        [
          -0.007512322451755809,
          1.2213200171291889e-05,
          0.00013786566231398158,
          0.5424660941887929
        ],
        [
          0.0005472877644894636,
          9.52701884516728e-06,
          0.007766004151017517,
          -0.8400051398417719
        ],
        [
          1.0267947717223703e-06,
          5.1168083238948466e-08,
          -4.360707107446638e-07,
          -0.002199343960492118
        ]
      ],
      "reprojection_error": 0.88777703955942,
      "image_size": [
        640,
        480
      ]
    },
    "ids": {
      "camera_name": "ids",
      "rotation_vector": [
        0.0,
        0.0,
        0.0
      ],
      "rotation_matrix": [
        [
          1.0,
          0.0,
          0.0
        ],
        [
          0.0,
          1.0,
          0.0
        ],
        [
          0.0,
          0.0,
          1.0
        ]
      ],
      "translation_vector": [
        1059.0,
        486.3333333333333,
        0.0
      ],
      "projection_matrix": [
        [
          0.0,
          0.0,
          0.0,
          0.0
        ],
        [
          0.0,
          0.0,
          0.0,
          0.0
        ],
        [
          0.0,
          0.0,
          0.0,
          0.0
        ]
      ],
      "reprojection_error": 0.0,
      "image_size": [
        0,
        0
      ],
      "note": "IDS is fixed-position camera. translation_vector stores [mean_u, mean_v, 0]",
      "fixed_uv": [
        1059.0,
        486.3333333333333
      ]
    }
  },
  "note": "Rotation matrix R (3x3), Translation vector t (3,). Projection: P = K[R|t]. For IDS, use fixed_uv directly."
}